{
    "processor_name": "rainbow",
    "processor_gateset": "fsim",
    "optimize_circuit": "syc_layers_x2",
    "nh": 8,
    "nv": 1,
    "nocc": 9,
    "nocc_1": 5,
    "nocc_2": 4,
    "U": 4.0,
    "num_trials_setting": [
        1000
    ],
    "grad_evals_setting": [
        1
    ],
    "max_evals_setting": [
        300
    ],
    "split": false,
    "d": 1,
    "qubits": "zigzag 3 2 dr",
    "chosen_ansatz": "one_by_n_zigzag",
    "error_correction": {
        "occupation_number": true,
        "spin_type": true,
        "tflo": true,
        "tflo_points": [
            [
                [
                    0,
                    0.0,
                    0.0
                ]
            ],
            [
                [
                    0,
                    0.7853981633974483,
                    1.1780972450961724
                ]
            ],
            [
                [
                    0,
                    5.890486225480862,
                    0.39269908169872414
                ]
            ],
            [
                [
                    0,
                    0.7853981633974483,
                    1.5707963267948966
                ]
            ],
            [
                [
                    0,
                    1.1780972450961724,
                    0.0
                ]
            ],
            [
                [
                    0,
                    1.5707963267948966,
                    1.5707963267948966
                ]
            ],
            [
                [
                    0,
                    0.7853981633974483,
                    1.9634954084936207
                ]
            ],
            [
                [
                    0,
                    0.0,
                    1.5707963267948966
                ]
            ],
            [
                [
                    0,
                    1.9634954084936207,
                    1.5707963267948966
                ]
            ],
            [
                [
                    0,
                    4.319689898685965,
                    0.0
                ]
            ],
            [
                [
                    0,
                    0.0,
                    1.9634954084936207
                ]
            ],
            [
                [
                    0,
                    1.5707963267948966,
                    2.356194490192345
                ]
            ],
            [
                [
                    0,
                    2.748893571891069,
                    0.39269908169872414
                ]
            ],
            [
                [
                    0,
                    1.1780972450961724,
                    2.748893571891069
                ]
            ],
            [
                [
                    0,
                    3.5342917352885173,
                    0.39269908169872414
                ]
            ],
            [
                [
                    0,
                    2.748893571891069,
                    1.5707963267948966
                ]
            ],
            [
                [
                    0,
                    5.890486225480862,
                    2.356194490192345
                ]
            ],
            [
                [
                    0,
                    5.497787143782138,
                    1.9634954084936207
                ]
            ],
            [
                [
                    0,
                    5.890486225480862,
                    5.890486225480862
                ]
            ],
            [
                [
                    0,
                    5.497787143782138,
                    5.497787143782138
                ]
            ],
            [
                [
                    0,
                    5.890486225480862,
                    4.319689898685965
                ]
            ],
            [
                [
                    0,
                    5.105088062083414,
                    5.890486225480862
                ]
            ],
            [
                [
                    0,
                    0.7853981633974483,
                    4.71238898038469
                ]
            ],
            [
                [
                    0,
                    4.71238898038469,
                    1.9634954084936207
                ]
            ],
            [
                [
                    0,
                    1.1780972450961724,
                    5.105088062083414
                ]
            ],
            [
                [
                    0,
                    2.748893571891069,
                    3.141592653589793
                ]
            ],
            [
                [
                    0,
                    4.319689898685965,
                    5.890486225480862
                ]
            ],
            [
                [
                    0,
                    3.141592653589793,
                    3.141592653589793
                ]
            ],
            [
                [
                    0,
                    4.319689898685965,
                    3.5342917352885173
                ]
            ],
            [
                [
                    0,
                    3.9269908169872414,
                    3.5342917352885173
                ]
            ],
            [
                [
                    0,
                    2.356194490192345,
                    5.497787143782138
                ]
            ],
            [
                [
                    0,
                    2.748893571891069,
                    5.105088062083414
                ]
            ]
        ],
        "tflo_exact_energies": [
            -1.5175237655639648,
            -0.9846289157867432,
            -0.7440624237060547,
            -0.21469330787658691,
            0.07900786399841309,
            0.4922819137573242,
            0.8676819801330566,
            1.216630458831787,
            1.5654969215393066,
            2.0584380626678467,
            2.3989901542663574,
            2.7017152309417725,
            3.2205970287323,
            3.563610553741455,
            3.9830386638641357,
            4.359312534332275,
            4.779796481132507,
            5.147812366485596,
            5.51507830619812,
            5.952091932296753,
            6.327807188034058,
            6.724575638771057,
            7.100304007530212,
            7.503936767578125,
            7.905612111091614,
            8.281791090965271,
            8.682612419128418,
            9.082567691802979,
            9.472350239753723,
            9.858601093292236,
            10.248519897460938,
            10.644792318344116
        ]
    },
    "opt_algo": "bayes_mgd",
    "opt_args": {
        "A": 1,
        "nshots": 1000,
        "eta": 1.5,
        "gamma": 0.3,
        "delta": 0.6,
        "xi": 0.101,
        "l0": 0.2
    },
    "file_desc": "8x1_bayesmgd_zz_x_U_4_nocc_9_d_1",
    "save_samples": true,
    "objective_func": "energy"
}
