{
    "ax0": {
        "Training data xdata": [
            -0.43994600,
            0.10342700,
            0.68614400,
            1.16250000,
            1.79452000,
            2.32543000,
            2.84702000,
            3.39684000,
            4.06668000,
            4.55615000,
            5.11091000,
            5.69445000,
            6.20655000,
            6.75372000,
            7.27843000,
            7.71948000
        ],
        "Training data ydata": [
            0.36402010,
            0.60164423,
            1.00030267,
            1.43824540,
            1.87130039,
            2.65972632,
            3.15593909,
            3.51676713,
            3.78619256,
            4.68810373,
            4.93210035,
            5.48804175,
            5.74857618,
            6.46083738,
            6.80192979,
            7.31057511
        ],
        "VQE ground state xdata": [
            -1.89646000
        ],
        "VQE ground state ydata": -1.15307155,
        "Closest FLO point xdata": [
            -0.37084416
        ],
        "Closest FLO point ydata": [
            0.17914375
        ],
        "line7 xdata": [
            -1.89646000,
            -1.79932929,
            -1.70219859,
            -1.60506788,
            -1.50793717,
            -1.41080646,
            -1.31367576,
            -1.21654505,
            -1.11941434,
            -1.02228364,
            -0.92515293,
            -0.82802222,
            -0.73089152,
            -0.63376081,
            -0.53663010,
            -0.43949939,
            -0.34236869,
            -0.24523798,
            -0.14810727,
            -0.05097657,
            0.04615414,
            0.14328485,
            0.24041556,
            0.33754626,
            0.43467697,
            0.53180768,
            0.62893838,
            0.72606909,
            0.82319980,
            0.92033051,
            1.01746121,
            1.11459192,
            1.21172263,
            1.30885333,
            1.40598404,
            1.50311475,
            1.60024545,
            1.69737616,
            1.79450687,
            1.89163758,
            1.98876828,
            2.08589899,
            2.18302970,
            2.28016040,
            2.37729111,
            2.47442182,
            2.57155253,
            2.66868323,
            2.76581394,
            2.86294465,
            2.96007535,
            3.05720606,
            3.15433677,
            3.25146747,
            3.34859818,
            3.44572889,
            3.54285960,
            3.63999030,
            3.73712101,
            3.83425172,
            3.93138242,
            4.02851313,
            4.12564384,
            4.22277455,
            4.31990525,
            4.41703596,
            4.51416667,
            4.61129737,
            4.70842808,
            4.80555879,
            4.90268949,
            4.99982020,
            5.09695091,
            5.19408162,
            5.29121232,
            5.38834303,
            5.48547374,
            5.58260444,
            5.67973515,
            5.77686586,
            5.87399657,
            5.97112727,
            6.06825798,
            6.16538869,
            6.26251939,
            6.35965010,
            6.45678081,
            6.55391152,
            6.65104222,
            6.74817293,
            6.84530364,
            6.94243434,
            7.03956505,
            7.13669576,
            7.23382646,
            7.33095717,
            7.42808788,
            7.52521859,
            7.62234929,
            7.71948000
        ],
        "line7 ydata": [
            -1.13261688,
            -1.04836892,
            -0.96412096,
            -0.87987300,
            -0.79562504,
            -0.71137708,
            -0.62712912,
            -0.54288116,
            -0.45863320,
            -0.37438524,
            -0.29013728,
            -0.20588932,
            -0.12164136,
            -0.03739340,
            0.04685456,
            0.13110252,
            0.21535048,
            0.29959844,
            0.38384640,
            0.46809435,
            0.55234231,
            0.63659027,
            0.72083823,
            0.80508619,
            0.88933415,
            0.97358211,
            1.05783007,
            1.14207803,
            1.22632599,
            1.31057395,
            1.39482191,
            1.47906987,
            1.56331783,
            1.64756579,
            1.73181375,
            1.81606171,
            1.90030967,
            1.98455763,
            2.06880559,
            2.15305355,
            2.23730151,
            2.32154947,
            2.40579743,
            2.49004539,
            2.57429335,
            2.65854131,
            2.74278927,
            2.82703723,
            2.91128519,
            2.99553315,
            3.07978111,
            3.16402907,
            3.24827702,
            3.33252498,
            3.41677294,
            3.50102090,
            3.58526886,
            3.66951682,
            3.75376478,
            3.83801274,
            3.92226070,
            4.00650866,
            4.09075662,
            4.17500458,
            4.25925254,
            4.34350050,
            4.42774846,
            4.51199642,
            4.59624438,
            4.68049234,
            4.76474030,
            4.84898826,
            4.93323622,
            5.01748418,
            5.10173214,
            5.18598010,
            5.27022806,
            5.35447602,
            5.43872398,
            5.52297194,
            5.60721990,
            5.69146786,
            5.77571582,
            5.85996378,
            5.94421174,
            6.02845970,
            6.11270765,
            6.19695561,
            6.28120357,
            6.36545153,
            6.44969949,
            6.53394745,
            6.61819541,
            6.70244337,
            6.78669133,
            6.87093929,
            6.95518725,
            7.03943521,
            7.12368317,
            7.20793113
        ]
    }
}