{
    "ax0": {
        "VQE xdata": [
            1,
            2,
            3,
            4,
            5,
            6,
            7,
            8
        ],
        "VQE ydata": [
            0.67789559,
            -0.65028779,
            0.01907539,
            -0.05859699,
            -0.00583069,
            -0.03158420,
            0.01001277,
            -0.02906487
        ],
        "VQE yerrors": [
            0.00220900,
            0.00406924,
            0.00368423,
            0.00381684,
            0.00600079,
            0.00254214,
            0.00268829,
            0.00264740
        ],
        "VQE xerrors": [
            0,
            0,
            0,
            0,
            0,
            0,
            0,
            0
        ],
        "Simulated xdata": [
            1,
            2,
            3,
            4,
            5,
            6,
            7,
            8
        ],
        "Simulated ydata": [
            0.73110100,
            -0.63475200,
            0.03125480,
            -0.07247890,
            0.00914308,
            -0.04112540,
            0.00591043,
            -0.02905330
        ],
        "Ground state xdata": [
            1,
            2,
            3,
            4,
            5,
            6,
            7,
            8
        ],
        "Ground state ydata": [
            0.85659600,
            -0.70859500,
            0.16208600,
            -0.22229100,
            0.08852760,
            -0.13147500,
            0.05174730,
            -0.09659560
        ]
    },
    "ax1": {
        "VQE xdata": [
            1,
            2,
            3,
            4,
            5,
            6,
            7,
            8
        ],
        "VQE ydata": [
            0.67789559,
            -0.65028779,
            0.01907539,
            -0.05859699,
            -0.00583069,
            -0.03158420,
            0.01001277,
            -0.02906487
        ],
        "VQE yerrors": [
            0.00220900,
            0.00406924,
            0.00368423,
            0.00381684,
            0.00600079,
            0.00254214,
            0.00268829,
            0.00264740
        ],
        "VQE xerrors": [
            0,
            0,
            0,
            0,
            0,
            0,
            0,
            0
        ],
        "Simulated xdata": [
            1,
            2,
            3,
            4,
            5,
            6,
            7,
            8
        ],
        "Simulated ydata": [
            0.73110100,
            -0.63475200,
            0.03125480,
            -0.07247890,
            0.00914308,
            -0.04112540,
            0.00591043,
            -0.02905330
        ],
        "Ground state xdata": [
            1,
            2,
            3,
            4,
            5,
            6,
            7,
            8
        ],
        "Ground state ydata": [
            0.85659600,
            -0.70859500,
            0.16208600,
            -0.22229100,
            0.08852760,
            -0.13147500,
            0.05174730,
            -0.09659560
        ]
    }
}