{
    "ax0": {
        "VQE xdata": [
            "11",
            "21",
            "22",
            "12",
            "13",
            "23",
            "24",
            "14"
        ],
        "VQE ydata": [
            0.58981471,
            -0.36189679,
            0.00855360,
            -0.12042069,
            -0.00018407,
            -0.11097015,
            0.00264981,
            -0.04911700
        ],
        "VQE yerrors": [
            0.00228880,
            0.00414503,
            0.00507752,
            0.00660765,
            0.00551663,
            0.00439606,
            0.00466061,
            0.00423853
        ],
        "VQE xerrors": [
            "",
            "",
            "",
            "",
            "",
            "",
            "",
            ""
        ],
        "Simulated xdata": [
            "11",
            "21",
            "22",
            "12",
            "13",
            "23",
            "24",
            "14"
        ],
        "Simulated ydata": [
            0.65756500,
            -0.39593200,
            0.01699840,
            -0.15132300,
            0.03234560,
            -0.12189000,
            0.01731610,
            -0.05507940
        ],
        "Ground state xdata": [
            "11",
            "21",
            "22",
            "12",
            "13",
            "23",
            "24",
            "14"
        ],
        "Ground state ydata": [
            0.81227300,
            -0.54116800,
            0.23185400,
            -0.28053300,
            0.20892900,
            -0.20525800,
            0.16379800,
            -0.16253300
        ]
    },
    "ax1": {
        "VQE xdata": [
            "11",
            "21",
            "22",
            "12",
            "13",
            "23",
            "24",
            "14"
        ],
        "VQE ydata": [
            0.58981471,
            -0.36189679,
            0.00855360,
            -0.12042069,
            -0.00018407,
            -0.11097015,
            0.00264981,
            -0.04911700
        ],
        "VQE yerrors": [
            0.00228880,
            0.00414503,
            0.00507752,
            0.00660765,
            0.00551663,
            0.00439606,
            0.00466061,
            0.00423853
        ],
        "VQE xerrors": [
            "",
            "",
            "",
            "",
            "",
            "",
            "",
            ""
        ],
        "Simulated xdata": [
            "11",
            "21",
            "22",
            "12",
            "13",
            "23",
            "24",
            "14"
        ],
        "Simulated ydata": [
            0.65756500,
            -0.39593200,
            0.01699840,
            -0.15132300,
            0.03234560,
            -0.12189000,
            0.01731610,
            -0.05507940
        ],
        "Ground state xdata": [
            "11",
            "21",
            "22",
            "12",
            "13",
            "23",
            "24",
            "14"
        ],
        "Ground state ydata": [
            0.81227300,
            -0.54116800,
            0.23185400,
            -0.28053300,
            0.20892900,
            -0.20525800,
            0.16379800,
            -0.16253300
        ]
    }
}