{
    "ax0": {
        "$N_{\\mathrm{occ}}=2$ xdata": [
            2,
            3,
            4,
            5,
            6,
            7,
            8
        ],
        "$N_{\\mathrm{occ}}=2$ ydata": [
            -0.10032752,
            -0.38592293,
            -0.78447610,
            -0.84639594,
            -0.36216724,
            -0.15744168,
            0.00616279
        ],
        "$N_{\\mathrm{occ}}=2$ yerrors": [
            0.07872820,
            0.10188270,
            0.08268058,
            0.08461222,
            0.10143687,
            0.07972455,
            0.06285155
        ],
        "$N_{\\mathrm{occ}}=2$ xerrors": [
            0,
            0,
            0,
            0,
            0,
            0,
            0
        ],
        "line5 xdata": [
            2,
            3,
            4,
            5,
            6,
            7,
            8
        ],
        "line5 ydata": [
            -0.27361367,
            -0.30177518,
            -0.17436166,
            -0.06893477,
            -0.06847618,
            -0.07877503,
            -0.03406482
        ],
        "$N_{\\mathrm{occ}}=4$ xdata": [
            2,
            3,
            4,
            5,
            6,
            7,
            8
        ],
        "$N_{\\mathrm{occ}}=4$ ydata": [
            -0.27662780,
            -0.22736264,
            -0.19500712,
            0.00211169,
            0.09476171,
            -0.07631135,
            -0.02019404
        ],
        "$N_{\\mathrm{occ}}=4$ yerrors": [
            0.04702799,
            0.05116747,
            0.12675239,
            0.12712383,
            0.05447235,
            0.04720083,
            0.04319918
        ],
        "$N_{\\mathrm{occ}}=4$ xerrors": [
            0,
            0,
            0,
            0,
            0,
            0,
            0
        ],
        "line11 xdata": [
            2,
            3,
            4,
            5,
            6,
            7,
            8
        ],
        "line11 ydata": [
            -0.56356112,
            -0.17123991,
            -0.11557741,
            -0.02198402,
            -0.04564061,
            -0.03438292,
            -0.04761360
        ],
        "$N_{\\mathrm{occ}}=6$ xdata": [
            2,
            3,
            4,
            5,
            6,
            7,
            8
        ],
        "$N_{\\mathrm{occ}}=6$ ydata": [
            -0.53533722,
            -0.18961033,
            -0.04859340,
            -0.13324972,
            -0.02596190,
            -0.05152645,
            -0.01502471
        ],
        "$N_{\\mathrm{occ}}=6$ yerrors": [
            0.02893207,
            0.02590484,
            0.05289502,
            0.02310062,
            0.02424639,
            0.02399920,
            0.02235276
        ],
        "$N_{\\mathrm{occ}}=6$ xerrors": [
            0,
            0,
            0,
            0,
            0,
            0,
            0
        ],
        "line17 xdata": [
            2,
            3,
            4,
            5,
            6,
            7,
            8
        ],
        "line17 ydata": [
            -0.54072224,
            -0.20925424,
            -0.07172596,
            -0.06054853,
            -0.02706709,
            -0.03879804,
            -0.05188304
        ],
        "$N_{\\mathrm{occ}}=8$ xdata": [
            2,
            3,
            4,
            5,
            6,
            7,
            8
        ],
        "$N_{\\mathrm{occ}}=8$ ydata": [
            -0.55145515,
            0.09316206,
            -0.14039544,
            -0.08049953,
            0.01487112,
            0.13599910,
            -0.02137482
        ],
        "$N_{\\mathrm{occ}}=8$ yerrors": [
            0.02691229,
            0.02230469,
            0.01975706,
            0.01946288,
            0.02241153,
            0.02105560,
            0.02215057
        ],
        "$N_{\\mathrm{occ}}=8$ xerrors": [
            0,
            0,
            0,
            0,
            0,
            0,
            0
        ],
        "line23 xdata": [
            2,
            3,
            4,
            5,
            6,
            7,
            8
        ],
        "line23 ydata": [
            -0.88356671,
            -0.06791958,
            -0.03455399,
            -0.00725342,
            -0.00467428,
            -0.00114617,
            -0.00088358
        ]
    }
}