{
    "ax0": {
        "VQE xdata": [
            1,
            2,
            3,
            4,
            5,
            6,
            7,
            8,
            9,
            10,
            11,
            12,
            13,
            14,
            15
        ],
        "VQE ydata": [
            -1.87114070,
            -3.02255420,
            -4.29750901,
            -4.43038586,
            -4.60152994,
            -4.10183797,
            -2.26956097,
            0.28362494,
            5.73043903,
            11.89816203,
            19.39847006,
            27.56961414,
            35.70249099,
            44.97744580,
            54.12885930
        ],
        "VQE yerrors": [
            0.00644213,
            0.02053017,
            0.02698806,
            0.05183189,
            0.04242034,
            0.05893440,
            0.05760080,
            0.06573229,
            0.05760080,
            0.05893440,
            0.04242034,
            0.03665068,
            0.02698806,
            0.02053017,
            0.00644213
        ],
        "VQE xerrors": [
            0,
            0,
            0,
            0,
            0,
            0,
            0,
            0,
            0,
            0,
            0,
            0,
            0,
            0,
            0
        ],
        "Simulated xdata": [
            1,
            2,
            3,
            4,
            5,
            6,
            7,
            8,
            9,
            10,
            11,
            12,
            13,
            14,
            15
        ],
        "Simulated ydata": [
            -1.87939200,
            -3.12169600,
            -4.21064800,
            -4.68091200,
            -4.65644800,
            -3.88178400,
            -2.38308800,
            0.04666400,
            5.61691200,
            12.11822400,
            19.34352800,
            27.31905600,
            35.78938400,
            44.87827200,
            54.12060000
        ],
        "Ground state xdata": [
            1,
            2,
            3,
            4,
            5,
            6,
            7,
            8,
            9,
            10,
            11,
            12,
            13,
            14,
            15
        ],
        "Ground state ydata": [
            -1.87939200,
            -3.46576800,
            -4.60263200,
            -5.27796800,
            -5.34058400,
            -4.90660000,
            -3.84372800,
            -2.42083200,
            4.15627200,
            11.09340000,
            18.65940000,
            26.72200000,
            35.39740000,
            44.53420000,
            54.12060000
        ],
        "Slater determinant xdata": [
            1,
            2,
            3,
            4,
            5,
            6,
            7,
            8,
            9,
            10,
            11,
            12,
            13,
            14,
            15
        ],
        "Slater determinant ydata": [
            -1.87938524,
            -2.61189640,
            -3.40905628,
            -2.65760304,
            -2.18494534,
            0.27061977,
            2.05823287,
            6.48245903,
            10.05823287,
            16.27061977,
            21.81505466,
            29.34239696,
            36.59094372,
            45.38810360,
            54.12061476
        ]
    },
    "ax1": {
        "VQE xdata": [
            6,
            7,
            8,
            9,
            10
        ],
        "VQE ydata": [
            -4.10183797,
            -2.26956097,
            0.28362494,
            5.73043903,
            11.89816203
        ],
        "VQE yerrors": [
            0.05893440,
            0.05760080,
            0.06573229,
            0.05760080,
            0.05893440
        ],
        "VQE xerrors": [
            0,
            0,
            0,
            0,
            0
        ],
        "Exact xdata": [
            6,
            7,
            8,
            9,
            10
        ],
        "Exact ydata": [
            -3.88178400,
            -2.38308800,
            0.04666400,
            5.61691200,
            12.11822400
        ],
        "Exact in ground state xdata": [
            6,
            7,
            8,
            9,
            10
        ],
        "Exact in ground state ydata": [
            -4.90660000,
            -3.84372800,
            -2.42083200,
            4.15627200,
            11.09340000
        ],
        "Slater determinant xdata": [
            6,
            7,
            8,
            9,
            10
        ],
        "Slater determinant ydata": [
            0.27061977,
            2.05823287,
            6.48245903,
            10.05823287,
            16.27061977
        ]
    }
}