{
    "ax0": {
        "VQE xdata": [
            1,
            2,
            3,
            4,
            5,
            6,
            7
        ],
        "VQE ydata": [
            -1.61137110,
            -2.55001495,
            -2.59814133,
            -1.90677470,
            1.40185867,
            5.44998505,
            10.38862890
        ],
        "VQE yerrors": [
            0.00316591,
            0.01169225,
            0.00925438,
            0.01237206,
            0.00925438,
            0.00826767,
            0.00316591
        ],
        "VQE xerrors": [
            0,
            0,
            0,
            0,
            0,
            0,
            0
        ],
        "Simulated xdata": [
            1,
            2,
            3,
            4,
            5,
            6,
            7
        ],
        "Simulated ydata": [
            -1.61803200,
            -2.52643200,
            -2.54255600,
            -1.89646000,
            1.45744400,
            5.47356800,
            10.38200000
        ],
        "Ground state xdata": [
            1,
            2,
            3,
            4,
            5,
            6,
            7
        ],
        "Ground state ydata": [
            -1.61803200,
            -2.62494000,
            -2.62313200,
            -1.95314800,
            1.37687200,
            5.37506000,
            10.38200000
        ],
        "Slater determinant xdata": [
            1,
            2,
            3,
            4,
            5,
            6,
            7
        ],
        "Slater determinant ydata": [
            -1.61803400,
            -2.12402400,
            -1.93149500,
            -0.47213600,
            2.06850500,
            5.87597600,
            10.38196600
        ],
        "Simulated (depth 1) xdata": [
            1,
            2,
            3,
            4,
            5,
            6,
            7
        ],
        "Simulated (depth 1) ydata": [
            -1.61802800,
            -2.47557200,
            -2.46795200,
            -1.68651600,
            1.53204800,
            5.52442800,
            10.38200000
        ]
    },
    "ax1": {
        "VQE xdata": [
            3,
            4,
            5
        ],
        "VQE ydata": [
            -2.59814133,
            -1.90677470,
            1.40185867
        ],
        "VQE yerrors": [
            0.00925438,
            0.01237206,
            0.00925438
        ],
        "VQE xerrors": [
            0,
            0,
            0
        ],
        "Exact xdata": [
            3,
            4,
            5
        ],
        "Exact ydata": [
            -2.54255600,
            -1.89646000,
            1.45744400
        ],
        "Exact (depth 1) xdata": [
            3,
            4,
            5
        ],
        "Exact (depth 1) ydata": [
            -2.46795200,
            -1.68651600,
            1.53204800
        ],
        "Exact in ground state xdata": [
            3,
            4,
            5
        ],
        "Exact in ground state ydata": [
            -2.62313200,
            -1.95314800,
            1.37687200
        ],
        "Slater determinant xdata": [
            3,
            4,
            5
        ],
        "Slater determinant ydata": [
            -1.93149500,
            -0.47213600,
            2.06850500
        ]
    }
}