{
    "ax0": {
        "VQE xdata": [
            1,
            2,
            3,
            4,
            5,
            6,
            7,
            8,
            9,
            10,
            11,
            12,
            13,
            14,
            15
        ],
        "VQE ydata": [
            -2.48755258,
            -4.71031584,
            -6.22976071,
            -6.89136398,
            -6.65093959,
            -6.45236014,
            -5.23121550,
            -3.71720598,
            -1.23121550,
            1.54763986,
            5.34906041,
            9.10863602,
            13.77023929,
            19.28968416,
            25.51244742
        ],
        "VQE yerrors": [
            0.01715115,
            0.02854051,
            0.03572651,
            0.05056631,
            0.04705099,
            0.06074838,
            0.05552341,
            0.05453367,
            0.05552341,
            0.06074838,
            0.04705099,
            0.03575578,
            0.03572651,
            0.02854051,
            0.01715115
        ],
        "VQE xerrors": [
            0,
            0,
            0,
            0,
            0,
            0,
            0,
            0,
            0,
            0,
            0,
            0,
            0,
            0,
            0
        ],
        "Simulated xdata": [
            1,
            2,
            3,
            4,
            5,
            6,
            7,
            8,
            9,
            10,
            11,
            12,
            13,
            14,
            15
        ],
        "Simulated ydata": [
            -2.61803000,
            -4.81069000,
            -6.14249000,
            -7.06926000,
            -6.86019000,
            -6.33631000,
            -5.23846000,
            -3.82678000,
            -1.23846000,
            1.66369000,
            5.13981000,
            8.93074000,
            13.85750000,
            19.18930000,
            25.38200000
        ],
        "Ground state xdata": [
            1,
            2,
            3,
            4,
            5,
            6,
            7,
            8,
            9,
            10,
            11,
            12,
            13,
            14,
            15
        ],
        "Ground state ydata": [
            -2.61803000,
            -4.89698200,
            -6.24439200,
            -7.27439000,
            -7.16820000,
            -6.84138000,
            -5.97247000,
            -5.01243000,
            -1.97247000,
            1.15862000,
            4.83180000,
            8.72561000,
            13.75560000,
            19.10300000,
            25.38200000
        ],
        "Slater determinant xdata": [
            1,
            2,
            3,
            4,
            5,
            6,
            7,
            8,
            9,
            10,
            11,
            12,
            13,
            14,
            15
        ],
        "Slater determinant ydata": [
            -2.61803400,
            -4.66363800,
            -5.87371400,
            -6.47213600,
            -6.10142000,
            -5.16032400,
            -4.10142000,
            -2.47213600,
            -0.10142000,
            2.83967600,
            5.89858000,
            9.52786400,
            14.12628600,
            19.33636200,
            25.38196600
        ]
    },
    "ax1": {
        "VQE xdata": [
            6,
            7,
            8,
            9,
            10
        ],
        "VQE ydata": [
            -6.45236014,
            -5.23121550,
            -3.71720598,
            -1.23121550,
            1.54763986
        ],
        "VQE yerrors": [
            0.06074838,
            0.05552341,
            0.05453367,
            0.05552341,
            0.06074838
        ],
        "VQE xerrors": [
            0,
            0,
            0,
            0,
            0
        ],
        "Exact xdata": [
            6,
            7,
            8,
            9,
            10
        ],
        "Exact ydata": [
            -6.33631000,
            -5.23846000,
            -3.82678000,
            -1.23846000,
            1.66369000
        ],
        "Exact in ground state xdata": [
            6,
            7,
            8,
            9,
            10
        ],
        "Exact in ground state ydata": [
            -6.84138000,
            -5.97247000,
            -5.01243000,
            -1.97247000,
            1.15862000
        ],
        "Slater determinant xdata": [
            6,
            7,
            8,
            9,
            10
        ],
        "Slater determinant ydata": [
            -5.16032400,
            -4.10142000,
            -2.47213600,
            -0.10142000,
            2.83967600
        ]
    }
}