{
    "ax0": {
        "VQE xdata": [
            1,
            2,
            3,
            4,
            5,
            6,
            7,
            8,
            9,
            10,
            11,
            12,
            13,
            14,
            15
        ],
        "VQE ydata": [
            -1.87622226,
            -3.22926165,
            -4.60939334,
            -5.14583529,
            -5.62910531,
            -5.53324224,
            -4.65678961,
            -3.37137744,
            -0.65678961,
            2.46675776,
            6.37089469,
            10.85416471,
            15.39060666,
            20.77073835,
            26.12377774
        ],
        "VQE yerrors": [
            0.00637640,
            0.01189760,
            0.01602436,
            0.02863418,
            0.02323220,
            0.02626593,
            0.02946300,
            0.03202330,
            0.02946300,
            0.02626593,
            0.02323220,
            0.02024742,
            0.01602436,
            0.01189760,
            0.00637640
        ],
        "VQE xerrors": [
            0,
            0,
            0,
            0,
            0,
            0,
            0,
            0,
            0,
            0,
            0,
            0,
            0,
            0,
            0
        ],
        "Simulated xdata": [
            1,
            2,
            3,
            4,
            5,
            6,
            7,
            8,
            9,
            10,
            11,
            12,
            13,
            14,
            15
        ],
        "Simulated ydata": [
            -1.87939200,
            -3.31075200,
            -4.53493600,
            -5.32916800,
            -5.65868000,
            -5.50860000,
            -4.74650400,
            -3.47834400,
            -0.74651200,
            2.49140000,
            6.34132000,
            10.67086400,
            15.46507200,
            20.68928800,
            26.12060000
        ],
        "Ground state xdata": [
            1,
            2,
            3,
            4,
            5,
            6,
            7,
            8,
            9,
            10,
            11,
            12,
            13,
            14,
            15
        ],
        "Ground state ydata": [
            -1.87939200,
            -3.50984000,
            -4.74320800,
            -5.63443200,
            -5.96778400,
            -5.93008800,
            -5.25061600,
            -4.23580800,
            -1.25062400,
            2.06991200,
            6.03221600,
            10.36560000,
            15.25680000,
            20.49020000,
            26.12060000
        ],
        "Slater determinant xdata": [
            1,
            2,
            3,
            4,
            5,
            6,
            7,
            8,
            9,
            10,
            11,
            12,
            13,
            14,
            15
        ],
        "Slater determinant ydata": [
            -1.87938524,
            -3.15724772,
            -4.25620458,
            -4.70063086,
            -4.81786434,
            -4.24978125,
            -3.28810208,
            -1.51754097,
            0.71189792,
            3.75021875,
            7.18213566,
            11.29936914,
            15.74379542,
            20.84275228,
            26.12061476
        ]
    },
    "ax1": {
        "VQE xdata": [
            6,
            7,
            8,
            9,
            10
        ],
        "VQE ydata": [
            -5.53324224,
            -4.65678961,
            -3.37137744,
            -0.65678961,
            2.46675776
        ],
        "VQE yerrors": [
            0.02626593,
            0.02946300,
            0.03202330,
            0.02946300,
            0.02626593
        ],
        "VQE xerrors": [
            0,
            0,
            0,
            0,
            0
        ],
        "Exact xdata": [
            6,
            7,
            8,
            9,
            10
        ],
        "Exact ydata": [
            -5.50860000,
            -4.74650400,
            -3.47834400,
            -0.74651200,
            2.49140000
        ],
        "Exact in ground state xdata": [
            6,
            7,
            8,
            9,
            10
        ],
        "Exact in ground state ydata": [
            -5.93008800,
            -5.25061600,
            -4.23580800,
            -1.25062400,
            2.06991200
        ],
        "Slater determinant xdata": [
            6,
            7,
            8,
            9,
            10
        ],
        "Slater determinant ydata": [
            -4.24978125,
            -3.28810208,
            -1.51754097,
            0.71189792,
            3.75021875
        ]
    }
}