{
    "ax0": {
        "zigzag 5 1 rd xdata": [
            0.00000000,
            365.11017108,
            705.99839997,
            1059.75906014,
            1413.36724710,
            1799.84194517,
            2158.49816799,
            2510.99835110,
            2876.70203614,
            3257.67439413
        ],
        "zigzag 5 1 rd ydata": [
            3.43968408,
            3.04220533,
            3.15697328,
            3.07645001,
            2.93066909,
            4.89201810,
            6.00742232,
            5.97018136,
            5.35743914,
            4.79258789
        ],
        "line3 xdata": [
            50.81062913,
            414.03607821,
            756.42533922,
            1107.63063502,
            1462.13239312,
            1843.23084736,
            2207.91694212,
            2558.01442409,
            2925.99422002,
            3306.65950727
        ],
        "line3 ydata": [
            1.67036459,
            1.61981698,
            1.64612503,
            1.56916269,
            1.52320737,
            2.26397929,
            2.95197319,
            2.80573294,
            2.45974321,
            2.16583397
        ],
        "zigzag 5 0 rd xdata": [
            96.33055711,
            454.77478218,
            797.08075118,
            1149.75411415,
            1508.86463618,
            1888.73848701,
            2252.23381925,
            2602.51424098,
            2970.72372222,
            3345.69046211
        ],
        "zigzag 5 0 rd ydata": [
            3.93993215,
            3.82247532,
            3.81966434,
            3.62225909,
            3.76295145,
            4.71801175,
            5.05497144,
            5.07524638,
            4.83243553,
            4.66074471
        ],
        "line7 xdata": [
            146.50925994,
            498.46379018,
            847.90756702,
            1200.69204307,
            1565.72498918,
            1931.87138915,
            2301.72358823,
            2650.79460812,
            3020.05562019,
            3391.19541597
        ],
        "line7 ydata": [
            1.65268515,
            1.56712618,
            1.58139543,
            1.48870848,
            1.74297558,
            2.48101671,
            3.12782260,
            2.95645240,
            2.54066253,
            2.33326702
        ],
        "zigzag 4 2 dr xdata": [
            186.19394016,
            535.97501302,
            888.85125017,
            1241.64587736,
            1610.80975199,
            1969.73361826,
            2340.53026819,
            2690.64691114,
            3065.27801108,
            3435.48033929
        ],
        "zigzag 4 2 dr ydata": [
            3.29968733,
            3.12201796,
            3.24097600,
            3.24023878,
            3.34661508,
            4.36732039,
            4.93261560,
            4.66524446,
            4.44353903,
            4.12845835
        ],
        "line11 xdata": [
            230.21606398,
            581.43711829,
            933.44798517,
            1284.46553612,
            1660.59884524,
            2015.96920919,
            2384.38538527,
            2737.94687104,
            3114.66273403,
            3478.24102497
        ],
        "line11 ydata": [
            1.99238361,
            1.97472905,
            1.96228863,
            1.95542498,
            2.29448382,
            3.14556858,
            3.43417301,
            3.11606231,
            2.81374900,
            2.57363518
        ],
        "zigzag 3 2 dr xdata": [
            272.03600097,
            620.90173626,
            972.89187407,
            1325.36350107,
            1704.99261117,
            2063.21521926,
            2428.45074821,
            2781.21912217,
            3161.35610914,
            3519.85330033
        ],
        "zigzag 3 2 dr ydata": [
            2.64043575,
            2.84453639,
            2.68985339,
            3.01163056,
            3.39229389,
            4.43921659,
            5.42366372,
            4.72884811,
            4.55101109,
            3.94615835
        ],
        "line15 xdata": [
            319.40420294,
            663.22659612,
            1016.83964801,
            1370.69677520,
            1755.09032607,
            2113.10395908,
            2471.58752298,
            2831.04338193,
            3210.77460313,
            3566.13611794
        ],
        "line15 ydata": [
            1.28364176,
            1.32499613,
            1.27801936,
            1.20257008,
            1.56631708,
            2.33802319,
            2.32820133,
            1.92067484,
            1.75458696,
            1.61940492
        ]
    }
}