{
    "ax0": {
        "PS xdata": [
            1,
            2,
            3,
            4,
            5,
            6,
            7,
            8,
            9,
            10,
            11,
            12,
            13,
            14,
            15
        ],
        "PS ydata": [
            0.43678671,
            1.06108127,
            1.65453019,
            2.34866158,
            2.75512516,
            3.06077641,
            3.45412911,
            3.90268244,
            3.93073848,
            3.65508821,
            2.66120725,
            2.31107438,
            1.54149044,
            1.06596525,
            0.51573082
        ],
        "PS yerrors": [
            0.00427577,
            0.00850903,
            0.01056876,
            0.01340556,
            0.01503472,
            0.01701024,
            0.01895143,
            0.02052639,
            0.01973417,
            0.01871882,
            0.01687521,
            0.01554414,
            0.01227832,
            0.01012282,
            0.00529159
        ],
        "PS xerrors": [
            0,
            0,
            0,
            0,
            0,
            0,
            0,
            0,
            0,
            0,
            0,
            0,
            0,
            0,
            0
        ],
        "+TFLO xdata": [
            1,
            2,
            3,
            4,
            5,
            6,
            7,
            8,
            9,
            10,
            11,
            12,
            13,
            14,
            15
        ],
        "+TFLO ydata": [
            -0.09021196,
            0.30870161,
            0.11736817,
            0.34050314,
            0.20501358,
            -0.02319252,
            -0.01714379,
            0.40883739,
            0.64435887,
            0.48446194,
            0.33258227,
            0.55333953,
            0.23127034,
            0.24340323,
            0.09634891
        ],
        "+TFLO yerrors": [
            0.03348640,
            0.03377606,
            0.04621435,
            0.05517525,
            0.06416926,
            0.06579018,
            0.07870271,
            0.09904693,
            0.07823687,
            0.07782322,
            0.09141525,
            0.08847949,
            0.09976413,
            0.11001736,
            0.11971083
        ],
        "+TFLO xerrors": [
            0,
            0,
            0,
            0,
            0,
            0,
            0,
            0,
            0,
            0,
            0,
            0,
            0,
            0,
            0
        ],
        "+Sym xdata": [
            1,
            2,
            3,
            4,
            5,
            6,
            7,
            8,
            9,
            10,
            11,
            12,
            13,
            14,
            15
        ],
        "+Sym ydata": [
            -0.04343793,
            0.11200989,
            0.07081927,
            0.10712657,
            0.10974416,
            0.10473490,
            0.37360561,
            0.35875282,
            0.40365759,
            0.27847504,
            0.20333255,
            0.15498796,
            0.10273547,
            -0.11808328,
            0.06477261
        ],
        "+Sym yerrors": [
            0.01774686,
            0.02070073,
            0.03112361,
            0.03622705,
            0.04909354,
            0.04909373,
            0.06471162,
            0.06159818,
            0.05534988,
            0.06616344,
            0.05422360,
            0.04507056,
            0.05088743,
            0.06327916,
            0.04362366
        ],
        "+Sym xerrors": [
            0,
            0,
            0,
            0,
            0,
            0,
            0,
            0,
            0,
            0,
            0,
            0,
            0,
            0,
            0
        ],
        "+Coh xdata": [
            1,
            2,
            3,
            4,
            5,
            6,
            7,
            8,
            9,
            10,
            11,
            12,
            13,
            14,
            15
        ],
        "+Coh ydata": [
            -0.01702423,
            0.14102275,
            -0.13584675,
            0.13482897,
            -0.07170511,
            -0.09096176,
            0.12949784,
            0.10696656,
            0.04993894,
            0.04167729,
            0.13085449,
            0.23180445,
            -0.01307593,
            0.02191794,
            0.02337171
        ],
        "+Coh yerrors": [
            0.00831041,
            0.01561717,
            0.02147552,
            0.02610862,
            0.03161905,
            0.03438242,
            0.04039389,
            0.04528779,
            0.04290231,
            0.03971707,
            0.03404668,
            0.03095435,
            0.02378913,
            0.01795315,
            0.00967321
        ],
        "+Coh xerrors": [
            0,
            0,
            0,
            0,
            0,
            0,
            0,
            0,
            0,
            0,
            0,
            0,
            0,
            0,
            0
        ],
        "+PHS xdata": [
            1,
            2,
            3,
            4,
            5,
            6,
            7,
            8,
            9,
            10,
            11,
            12,
            13,
            14,
            15
        ],
        "+PHS ydata": [
            0.00316974,
            0.08149035,
            -0.07445734,
            0.18333271,
            0.02957469,
            -0.02464224,
            0.08971439,
            0.10696656,
            0.08972239,
            -0.02464224,
            0.02957469,
            0.18330071,
            -0.07446534,
            0.08145035,
            0.00317774
        ],
        "+PHS yerrors": [
            0.00637640,
            0.01189760,
            0.01602436,
            0.02863418,
            0.02323220,
            0.02626593,
            0.02946300,
            0.03202330,
            0.02946300,
            0.02626593,
            0.02323220,
            0.02024742,
            0.01602436,
            0.01189760,
            0.00637640
        ],
        "+PHS xerrors": [
            0,
            0,
            0,
            0,
            0,
            0,
            0,
            0,
            0,
            0,
            0,
            0,
            0,
            0,
            0
        ]
    }
}