{
    "ax0": {
        "1x8 (exact) xdata": [
            1,
            2,
            3,
            4,
            5,
            6,
            7,
            8,
            9,
            10
        ],
        "1x8 (exact) ydata": [
            2.32741634,
            0.23398880,
            0.02911214,
            0.06129078,
            0.14742235,
            0.05968360,
            0.01418022,
            0.01908759,
            0.00808100,
            0.00619367
        ],
        "2x4 (exact) xdata": [
            1,
            2,
            3,
            4,
            5,
            6,
            7,
            8,
            9,
            10
        ],
        "2x4 (exact) ydata": [
            3.20518295,
            0.27298228,
            0.20884720,
            0.14726011,
            0.25220577,
            0.12247602,
            0.05703155,
            0.05745522,
            0.04436628,
            0.04084293
        ]
    },
    "ax1": {
        "1x8 (estimate) xdata": [
            1,
            2,
            3,
            4,
            5,
            6,
            7,
            8,
            9,
            10
        ],
        "1x8 (estimate) ydata": [
            2.57822766,
            1.65882981,
            1.36468024,
            1.07307560,
            0.76078459,
            1.23298461,
            1.52465120,
            1.23071586,
            1.16485326,
            1.17741178
        ],
        "1x8 (estimate) yerrors": [
            0.53900000,
            0.17400000,
            0.15800000,
            0.16100000,
            0.11400000,
            0.11900000,
            0.12100000,
            0.13000000,
            0.12500000,
            0.10800000
        ],
        "1x8 (estimate) xerrors": [
            0,
            0,
            0,
            0,
            0,
            0,
            0,
            0,
            0,
            0
        ],
        "2x4 (estimate) xdata": [
            1,
            2,
            3,
            4,
            5,
            6,
            7,
            8,
            9,
            10
        ],
        "2x4 (estimate) ydata": [
            2.92442063,
            0.23065597,
            0.95011102,
            0.72736098,
            0.74487149,
            1.12568012,
            1.22350155,
            1.14779261,
            1.15437030,
            0.98008420
        ],
        "2x4 (estimate) yerrors": [
            1.58000000,
            0.15600000,
            0.13100000,
            0.16700000,
            0.14200000,
            0.11400000,
            0.10800000,
            0.10000000,
            0.10500000,
            0.09300000
        ],
        "2x4 (estimate) xerrors": [
            0,
            0,
            0,
            0,
            0,
            0,
            0,
            0,
            0,
            0
        ]
    }
}