{
    "ax0": {
        "VQE xdata": [
            1,
            2,
            3,
            4,
            5,
            6,
            7,
            8,
            9,
            10,
            11,
            12,
            13,
            14,
            15
        ],
        "VQE ydata": [
            -2.59270811,
            -4.66353859,
            -5.76618870,
            -6.33270090,
            -5.64968659,
            -4.76024390,
            -2.13910555,
            1.14506838,
            5.86089445,
            11.23975610,
            18.35031341,
            25.66729910,
            34.23381130,
            43.33646141,
            53.40729189
        ],
        "VQE yerrors": [
            0.01565383,
            0.03780312,
            0.04546000,
            0.08355997,
            0.07373341,
            0.08924117,
            0.08708739,
            0.07925206,
            0.08708739,
            0.08924117,
            0.07373341,
            0.05908582,
            0.04546000,
            0.03780312,
            0.01565383
        ],
        "VQE xerrors": [
            0,
            0,
            0,
            0,
            0,
            0,
            0,
            0,
            0,
            0,
            0,
            0,
            0,
            0,
            0
        ],
        "Simulated xdata": [
            1,
            2,
            3,
            4,
            5,
            6,
            7,
            8,
            9,
            10,
            11,
            12,
            13,
            14,
            15
        ],
        "Simulated ydata": [
            -2.61803200,
            -4.60163200,
            -5.79415200,
            -6.40533600,
            -5.69122400,
            -4.62188800,
            -1.99098400,
            0.95168800,
            6.00901600,
            11.37808000,
            18.30880000,
            25.59464000,
            34.20584000,
            43.39840000,
            53.38200000
        ],
        "Ground state xdata": [
            1,
            2,
            3,
            4,
            5,
            6,
            7,
            8,
            9,
            10,
            11,
            12,
            13,
            14,
            15
        ],
        "Ground state ydata": [
            -2.61803200,
            -4.77480000,
            -6.00469600,
            -6.82078400,
            -6.43116800,
            -5.75000800,
            -4.40632000,
            -3.02586400,
            3.59368000,
            10.24999200,
            17.56883200,
            25.17921600,
            33.99530400,
            43.22520000,
            53.38196800
        ],
        "Slater determinant xdata": [
            1,
            2,
            3,
            4,
            5,
            6,
            7,
            8,
            9,
            10,
            11,
            12,
            13,
            14,
            15
        ],
        "Slater determinant ydata": [
            -2.61803400,
            -4.12402400,
            -4.93149500,
            -4.47213600,
            -3.25880300,
            -0.64543600,
            1.44687500,
            5.52786400,
            9.44687500,
            15.35456400,
            20.74119700,
            27.52786400,
            35.06850500,
            43.87597600,
            53.38196600
        ]
    },
    "ax1": {
        "VQE xdata": [
            6,
            7,
            8,
            9,
            10
        ],
        "VQE ydata": [
            -4.76024390,
            -2.13910555,
            1.14506838,
            5.86089445,
            11.23975610
        ],
        "VQE yerrors": [
            0.08924117,
            0.08708739,
            0.07925206,
            0.08708739,
            0.08924117
        ],
        "VQE xerrors": [
            0,
            0,
            0,
            0,
            0
        ],
        "Exact xdata": [
            6,
            7,
            8,
            9,
            10
        ],
        "Exact ydata": [
            -4.62188800,
            -1.99098400,
            0.95168800,
            6.00901600,
            11.37808000
        ],
        "Exact in ground state xdata": [
            6,
            7,
            8,
            9,
            10
        ],
        "Exact in ground state ydata": [
            -5.75000800,
            -4.40632000,
            -3.02586400,
            3.59368000,
            10.24999200
        ],
        "Slater determinant xdata": [
            6,
            7,
            8,
            9,
            10
        ],
        "Slater determinant ydata": [
            -0.64543600,
            1.44687500,
            5.52786400,
            9.44687500,
            15.35456400
        ]
    }
}