{
    "ax0": {
        "$N_\\mathrm{occ}=7$ (GS) xdata": [
            0,
            4,
            8
        ],
        "$N_\\mathrm{occ}=7$ (GS) ydata": [
            0.13819160,
            0.69602060,
            0.92572580
        ],
        "$N_\\mathrm{occ}=7$ xdata": [
            0,
            4,
            8
        ],
        "$N_\\mathrm{occ}=7$ ydata": [
            0.13819160,
            0.42777400,
            0.52862800
        ],
        "$N_\\mathrm{occ}=7$ yerrors": [
            0,
            0.02395878,
            0.01360472
        ],
        "$N_\\mathrm{occ}=7$ xerrors": [
            0,
            0,
            0
        ],
        "$N_\\mathrm{occ}=8$ (GS) xdata": [
            0,
            4,
            8
        ],
        "$N_\\mathrm{occ}=8$ (GS) ydata": [
            0.23820260,
            1.79407300,
            2.29332500
        ],
        "$N_\\mathrm{occ}=8$ xdata": [
            0,
            4,
            8
        ],
        "$N_\\mathrm{occ}=8$ ydata": [
            0.23820260,
            0.68149400,
            0.80924100
        ],
        "$N_\\mathrm{occ}=8$ yerrors": [
            0,
            0.01521320,
            0.01565070
        ],
        "$N_\\mathrm{occ}=8$ xerrors": [
            0,
            0,
            0
        ]
    }
}